FirstName,LastName,Gender
Deniz,Acar,Male
Guner,Aktas,Male
Kiana,Anderson,Female
Jakob,Anhalt,Male
Elisabeth,Arcouet,Female
Enric,Argilaguet,Male
Ernest,Arquimbau,Male
Murat,Arslan,Male
Gokce,Aslan,Female
Abbi,Atkins,Female
Claude,Aupry,Male
Hasan,Aydin,Male
Jonas,Baar,Male
Anna,Baginska,Female
Malik,Barden,Male
Carmelo,Barese,Male
Rebecca,Baresi,Female
Genevieve,Beauchesne,Female
Claude,Beaulieu,Female
Robin,Becker,Male
Noel,Belisle,Male
Omar,Bennett,Male
Marie,Berthelette,Female
Pol,Bertolich,Male
Francesca,Bianchi,Female
Ales,Bizjak,Male
Jana,Blazkova,Female
Emma,Blug,Female
Gilbert,Bonsaint,Male
Wojciech,Borkowski,Male
Maurice,Boule,Male
Alexis,Bourgeois,Female
Archie,Boyle,Male
Tomaz,Bozic,Male
Danielle,Brasseur,Female
Amala,Braun,Female
Leonie,Briegel,Female
Quincy,Brooks,Male
Angel,Brown,Female
Camille,Brunelle,Female
Filippa,Bruno,Female
Yuksel,Bulut,Male
Pavel,Bures,Male
Jaroslava,Buresova,Female
Victoria,Burke,Female
Klaus,Buzov,Male
Tuna,Cakir,Male
Quinn,Campbell,Female
Seyhan,Can,Male
Sam,Cantrell,Female
Cataldo,Capon,Male
Christian,Cartier,Male
Pere,Castellsegui,Male
Gianni,Castiglione,Male
Hanife,Celik,Female
Hana,Cermakova,Female
Ivana,Cervenkova,Female
Hacer,Cetin,Female
Alain,Charon,Male
Alexandre,Chauvin,Male
Josef,Cizek,Male
Hailey,Clark,Female
Bartomeu,Collelldemont,Male
Diego,Conticini,Male
Hayden,Cook,Female
Liane,Cormier,Female
Pupetta,Costa,Female
Gilbert,Coupart,Male
Ingrid,Cranz,Female
Maciej,Czarnecki,Male
Joanna,Dabrowska,Female
Mikolaj,Dabrowski,Male
Beca,Davies,Female
Alain,Davignon,Male
Liam,Davis,Male
Benito,Dellucci,Male
Merve,Demir,Female
Isabelle,Deniger,Female
Montserrat,Desriols,Female
Esteve,Desvalls,Male
Gabriel,Diaz,Male
Vlasta,Divisova,Female
Fadime,Dogan,Female
Rene,Dolejsi,Female
Albert,Dubois,Male
Maciej,Dudek,Male
Ewa,Dudzinska,Female
Audrey,Dumoulin,Female
Coralie,Duperre,Female
Aline,Dupuy,Female
Dominique,Dutertre,Male
Zdenek,Dvorak,Male
Logan,Edwards,Male
Werner,Eitner,Male
Daniel,Elfyn,Male
Bethan,Elis,Female
Turgay,Elmas,Male
Elke,Endemann,Female
Tatjana,Erjavec,Female
Quarantino,Esposito,Male
Jamie,Evans,Female
Giselle,Faber,Female
Giorgia,Fanucci,Female
Annette,Flamand,Female
Sara,Folgueroles,Female
Carme,Fontbernat,Female
Michal,Formanek,Male
Renata,Fuchsova,Female
Isabel,Garcia,Female
Amelie,Garner,Female
Niklas,Gasper,Male
Lelia,Genovese,Female
Milan,Golob,Male
Mateo,Gomez,Male
Aaron,Gonzales,Male
Kasper,Graf,Male
Fiamma,Greco,Female
Manon,Griffiths,Female
Jacqueline,Grondin,Female
Marta,Guanyavents,Female
Louisa,Guenther,Female
Charlie,Guibord,Male
Ayse,Guler,Female
Meltem,Gumus,Female
Faruk,Gunes,Male
Halit,Gungor,Male
Killian,Gunther,Male
Renata,Hall,Female
Frantisek,Hanak,Male
Jacob,Hancock,Male
Daniela,Hanzlova,Female
Libby,Harrison,Female
Maja,Hartmann,Female
Marta,Havrankova,Female
Hannah,Haynes,Female
Josephine,Hebert,Female
Jule,Heinrich,Female
Detlef,Hembrock,Male
Felix,Henderson,Male
Briana,Hernandez,Female
Coralie,Hetu,Female
Ana,Hocevar,Female
Vaclav,Holy,Male
Tereza,Horackova,Female
Janez,Horvat,Male
Karel,Hovorka,Male
Avery,Howard,Female
Jarmila,Hrdlickova,Female
Aljosa,Hribar,Female
Andreja,Hrovat,Female
Shawn,Hughes,Male
Aidan,Hunt,Male
Cai,Huws,Male
Vlastimil,Hybl,Male
Gerolamo,Iadanza,Male
Christiane,Ingenpass,Female
Jessie,Irwin,Male
Anthony,Ivanov,Male
Abigail,Jackson,Female
Alena,Jankova,Female
Nikola,Janu,Male
Hannah,Jarvis,Female
Hanna,Jasinska,Female
Irena,Jaworska,Female
Casey,Jensen,Male
Alenka,Jereb,Female
Tanja,Jerman,Female
Riley,Johnson,Male
Natasha,Jones,Female
Karl,Kadenbach,Male
Jacek,Kalinowski,Male
Havva,Kara,Female
Pinar,Karaca,Female
Gregor,Kastelic,Male
Rok,Kavcic,Male
Ibrahim,Kaya,Male
Faruk,Keskin,Male
Xaver,Kiefer,Male
Ramazan,Kilic,Male
Madison,Kim,Female
Adrian,King,Female
William,Kirby,Male
Berend,Klein,Male
Mojca,Klemencic,Female
Friedrich,Knerich,Male
Jozefa,Knez,Female
Carla,Kobusch,Female
Mahmut,Koc,Male
Dominique,Koch,Male
Vlasta,Koci,Female
Lilly,Koenig,Female
Eggert,Kohler,Male
Tomas,Kohout,Male
Marija,Kolar,Female
Petr,Konecny,Male
Vera,Kopecka,Female
Irena,Koren,Female
Safak,Korkmaz,Male
Stanislav,Korosec,Male
Jozi,Kos,Male
Maja,Kosir,Female
Robert,Kotnik,Male
Andrej,Kovac,Male
Anton,Kovacic,Male
Adrian,Kowalczyk,Male
Beata,Kowalska,Female
Zdenka,Kozakova,Female
Jan,Kozlowski,Male
Ivan,Krajnc,Male
Branko,Kralj,Male
Elsa,Kramer,Female
Ralf,Krause,Male
Joanna,Krawczyk,Female
Alex,Krejci,Female
Heiko,Krueger,Male
Ondrej,Kubat,Male
Marcela,Kubatova,Female
Adrianna,Kucharska,Female
Andrzej,Kucharski,Male
Franciska,Kuhar,Female
Conrad,Kutzsche,Male
Hanna,Kwiatkowska,Female
Maureen,Labrecque,Female
Alain,Lacombe,Male
Gilbert,Lacroix,Male
Katja,Lah,Female
Theodore,Lamy,Male
Anna,Lange,Female
Andre,Lawson,Male
Denise,Lebatelier,Female
Bernadette,Leblanc,Female
Mikaela,Lee,Female
Kayla,Lewis,Female
Geraint,Llwyd,Male
Valeria,Lo Duca,Female
Ernst,Loetzsch,Male
Palmira,Loggia,Female
Francesca,Lombo,Female
Markus,Long,Male
Gerardina,Longo,Female
Eugenia,Lopez,Female
Lacombe,Luc,Male
Noemi,Lucchesi,Female
Courtney,Lynch,Female
Jan,Macek,Male
Jakub,Maciejewski,Male
Terezija,Majcen,Female
Filip,Majewski,Male
Thomas,Margand,Male
Marie,Markova,Female
Henri,Marquis,Male
Blake,Martin,Male
Violet,Martinez,Female
Calimero,Mazzanti,Male
Parker,McLean,Male
Natasa,Medved,Female
Emel,Mert,Female
Marie,Methot,Female
Ariane,Meyer,Female
Dominik,Michalski,Male
Anna,Michnova,Female
Lisandro,Milanesi,Male
Martina,Milani,Female
Davide,Milano,Male
Caleb,Miller,Male
Jordan,Mitchell,Male
Joze,Mlakar,Male
Gabriel,Moeller,Male
Coralie,Monjeau,Female
Laura,Montfulleda,Female
Preston,Morales,Male
Juan,Morgan,Male
Remy,Morris,Female
Rowan,Murphy,Male
Rory,Nguyen,Male
Camille,Nicole,Female
Franc,Novak,Male
Lidia,Nowakowska,Female
Klara,Nowicka,Female
Conrad,Nuber,Male
Martin,Oblak,Male
Engin,Oguz,Male
Anna,Ostrowska,Female
Roman,Ostrowski,Male
Brigitte,Otto,Female
Grace,Owens,Female
Derya,Ozcan,Female
Huseyin,Ozdemir,Male
Salih,Ozkan,Male
Ahmet,Ozturk,Male
Imelda,Pagnotto,Female
Irma,Palermo,Female
Ariane,Panetier,Female
Olga,Panicucci,Female
Aled,Parri,Male
Anne,Patel,Female
David,Paulet,Male
Petra,Pavlic,Female
Jerzy,Pawlak,Male
Marek,Pawlowski,Male
Rene,Pelletier,Male
Michael,Peltier,Male
Matjaz,Petek,Male
Gebhard,Peters,Male
Romain Petit,Petit,Male
Nina,Petric,Female
Jayden,Phillips,Female
Ortensia,Piazza,Female
Anna,Pidecabanyes,Female
Isotta,Pinto,Female
Maria,Piotrowska,Female
Barbara,Pirc,Female
Jiri,Polak,Male
Zuzana,Polaskova,Female
Marko,Potocnik,Male
Joseph,Price,Male
Libuse,Prikrylova,Female
Joana,Puigxoriguer,Female
Majda,Pusnik,Female
Bozena,Radova,Female
Riley,Ramirez,Male
Hollie,Rees,Female
Marta,Reixachdamunt,Female
John,Rhys,Male
Tomas,Richardson,Male
Blaise,Richer,Male
Luca,Richter,Male
Clara,Rieradevall,Female
Nathan,Rigby,Male
Jerome,Rivard,Male
Amari,Rivera,Female
Maya,Robinson,Female
Andree,Rocher,Female
Hazel,Rodriguez,Female
Benito,Romani,Male
Valeria,Romano,Female
Henry,Ross,Male
Bostjan,Rozman,Male
Lorenzo,Russo,Male
Benigno,Sabbatini,Male
Jan,Sachweh,Male
Filip,Safranek,Male
Diego,Sagese,Male
Emine,Sahin,Female
Dakota,Sanchez,Male
Kai,Schmitt,Male
Izaak,Schmitz,Male
Lea,Schneider,Female
Ashley,Schroeder,Female
Nickolaus,Schulz,Male
Helga,Schustereit,Female
Miloslav,Sedlar,Male
Gunay,Sen,Male
Xavier,Serradelarca,Male
Julia,Serradesanferm,Female
Anja,Sever,Female
Ermenegildo,Siciliani,Male
Fabiola,Siciliano,Female
Vladimir,Sima,Male
Hanno,Simon,Male
Demet,Simsek,Female
Bernd,Skopura,Male
Matej,Skorepa,Male
Liam,Small,Male
Ludmila,Smidova,Female
Reed,Smith,Male
Dominika,Sobczak,Female
Lluis,Sobregrau,Male
Krystyna,Sokolowska,Female
Eric,Solomon,Male
Rudolf,Spousta,Male
Lenka,Stastna,Female
Mia,Steele,Female
Tyler,Stein,Male
Veronika,Stejskalova,Female
Benjamin,Stuart,Male
Marc,Surinyach,Male
Miroslav,Svoboda,Male
Katerina,Sykorova,Female
Bernadette,Sylvain,Female
Isaac,Talbot,Male
Lisa,Taylor,Female
Hulya,Tekin,Female
Cora,Thomas,Female
Monica,Thompson,Female
Piotr,Tomaszewski,Male
Milena,Tomazic,Female
Stanislav,Tomek,Male
Rhodri,Tomos,Male
Rafel,Tornafoch,Male
Devon,Torres,Male
Isabella,Toscano,Female
Mattia,Trentini,Male
Maximilian,Tropschuh,Male
Esra,Turan,Female
Matej,Turk,Male
Ellis,Turner,Female
Adalberto,Udinese,Male
Lodovico,Udinesi,Male
Melis,Unal,Female
Ivana,Ursic,Female
Adam,Vacha,Male
Alena,Valentova,Female
Blanka,Vejvodova,Female
Marjan,Vidmar,Male
Immanuel,Vogel,Male
Nicole,Wagner,Female
Sophie,Walter,Female
Oscar,Ward,Male
Hannah,Weber,Female
Christoph,Werner,Male
Artur,Wieczorek,Male
Jennifer,Wilkins,Female
Dylan,Williams,Male
Adrian,Wilske,Male
Olivia,Wilson,Female
Zofia,Wisniewska,Female
Justyna,Wojciechowska,Female
Klarissa,Wolf,Female
Lara,Wolfe,Female
Gabriel,Woods,Male
Blazej,Wozniak,Male
Lois,Wyn,Female
Agnieszka,Wysocka,Female
Jakub,Wysocki,Male
Yigit,Yalcin,Male
Mehmet,Yildirim,Male
Elif,Yildiz,Female
Ali,Yilmaz,Male
Miha,Zagar,Male
Milos,Zahradnicek,Male
Mateja,Zajc,Female
Jakub,Zawadzki,Male
Antonin,Zelinka,Male
Mia,Zimmermann,Female
Sonja,Zorko,Female
Luka,Zupan,Male
Jozica,Zupanc,Female
Jozef,Zupancic,Male
Demet,Simsek,Female
Deniz,Acar,Female
Engin,Oguz,Male
Ahmet,Ozturk,Male
Recep,Simsek,Male
Emine,Sahin,Female
Faruk,Gunes,Male
Gokce,Aslan,Gender neutral
Fadime,Dogan,Female
Hulya,Tekin,Female
Deniz,Acar,Gender neutral
Hacer,Cetin,Female
Hasan,Aydin,Male
Salih,Ozkan,Male
Meryem,Ozturk,Female
Huseyin,Ozdemir,Male
Omer,Dogan,Male
Serife,Yildirim,Female
Meltem,Gumus,Female
Ramazan,Kilic,Male
Havva,Kara,Female
Halit,Gungor,Male
Tuna,Cakir,Male
Ozgur,Tekin,Male
Murat,Arslan,Male
Elif,Yildiz,Female
Hanife,Celik,Female
Merve,Demir,Female
Taner,Keskin,Male
Ayse,Guler,Female
Ibrahim,Kaya,Male
Yusuf,Celik,Male
Melis,Unal,Female
Yasemin,Ozkan,Female
Gunay,Sen,Male
Seyhan,Can,Female
Guner,Aktas,Male
Derya,Ozcan,Female
Sultan,Ozdemir,Female
Fatma,Yilmaz,Female
Kerem,Yavuz,Male
Pinar,Karaca,Female
Yuksel,Bulut,Female
Ozgur,Tekin,Male
Faruk,Keskin,Male
Turgay,Elmas,Male
Esra,Turan,Female
Zeynep,Koc,Female
Safak,Korkmaz,Male
Vedat,Gumus,Male
Mehmet,Yildirim,Male
Zeliha,Arslan,Female
Ali,Yilmaz,Male
Zehra,Aydin,Female
Yigit,Yalcin,Male
Mustafa,Yildiz,Male
Mahmut,Koc,Male
Olcay,Yavuz,Male
Emel,Mert,Female
Aira,Jaunzema,Female
Beatrise,Kruze,Female
Edna,Krastina,Female
Beatrise,Klavina,Female
Daniela,Kanepa,Female
Ilga,Kaulina,Male
Alfons,Vitols,Female
Alida,Kundzina,Female
Ella,Kreslina,Male
Matiass,Polis,Male
Nils,Aunins,Female
Diana,Aunina,Male
Sarmis,Celms,Male
Laimonis,Viksna,Female
Aisma,Lapsa,Male
Teodors,Turins,Female
Jausma,Bite,Male
Nikolajs,Lusis,Male
Ilgonis,Purmals,Female
Ida,Abolina,Female
Daina,Dumina,Male
Niks,Dzenis,Female
Ida,Klavina,Male
Teodors,Skujins,Male
Niklavs,Kaneps,Male
Laimonis,Dumins,Male
Ritums,Podnieks,Female
Agrita,Krieva,Male
Filips,Turins,Female
Alida,Zvirbule,Male
Kazimirs,Roze,Female
Antra,Abola,Female
Ilga,Zirne,Male
Ronalds,Krievins,Male
Laimonis,Skujins,Female
Darta,Krievina,Male
Maksims,Riekstins,Male
Olafs,Paegle,Male
Georgijs,Baltins,Male
Filips,Vanags,Female
Irbe,Ziemele,Female
Everita,Zirne,Male
Sarmis,Saulitis,Male
Raimonds,Turins,Female
Izabella,Celma,Male
Stefans,Krievins,Male
Stefans,Paegle,Female
Irbe,Kreslina,Male
Simons,Eglitis,Female
Aleksandra,Lice,Female
Aira,Zeltina,Male
Grigorijs,Sprogis,Female
Hiwot,Gebre Gergis,Female
Aleganesh,Mihertab,Female
Gebre Egziabher,Wolde Mariam,Male
Abreham,Wolday,Male
Daniel,Mengestab,Male
Eden,Berhe,Female
Kidane,Tsehaye,Male
Kahsay,Bereket,Male
Amleset,Fitwi,Female
Meaza,Goitom,Female
Aberehet,Gebre Tsadik,Female
Asmerom,Ambaye,Male
YishaK,Epherem,Male
Habtu,Michael,Male
Wolde Mariam,Girmay,Male
Tsehayetu,Abera,Female
Kiros,Teklay,Male
Yordanos,Tesfaye,Female
Danaite,Alemseged,Female
Winta,Asemelash,Female
Jose,Torrez,Male
Luis,Mamani,Male
Jesus,Quispe,Male
Victor,Torrez,Male
Martin,Cahua,Male
Jose,Huaman,Male
Luz,Sanchez,Female
Maria,Quispe,Female
Valentina,Huaman,Female
Alejandra,Torrez,Female
Marco,Huaman,Male
Elizabeth,Flores,Female
Tito,Guzmán,Male
Juana,Rojas,Female
Rosa,Pérez,Female
Juan,Quispe,Male
Elizabeth,Garcia,Female
Francisco,Quispe,Male
Milagros,Torrez,Female
