Index,CustomerId,CustomerAccountId,FirstName,LastName,Gender,CustomerAccountOpenedDate,CustomerAccountClosedDate,IsoCurrencyCode,GlobalServiceRelationshipNumber
1,Customer_ID_1,Account_No_1,Deniz,Acar,Male,"July 12, 2022",,USD,1000000000001000.0
2,Customer_ID_2,Account_No_2,Guner,Aktas,Male,"December 25, 2022",,USD,1000000000002000.0
3,Customer_ID_3,Account_No_3,Kiana,Anderson,Female,"January 6, 2021","June 15, 2024",USD,1000000000003000.0
4,Customer_ID_4,Account_No_4,Jakob,Anhalt,Male,"June 9, 2020",,USD,1000000000004000.0
5,Customer_ID_5,Account_No_5,Elisabeth,Arcouet,Female,"December 23, 2022",,USD,1000000000005000.0
6,Customer_ID_6,Account_No_6,Enric,Argilaguet,Male,"February 27, 2023",,USD,1000000000006000.0
7,Customer_ID_7,Account_No_7,Ernest,Arquimbau,Male,"December 21, 2020",,USD,1000000000007000.0
8,Customer_ID_8,Account_No_8,Murat,Arslan,Male,"February 28, 2022",,USD,1000000000008000.0
9,Customer_ID_9,Account_No_9,Gokce,Aslan,Female,"July 24, 2020",,USD,1000000000009000.0
10,Customer_ID_10,Account_No_10,Abbi,Atkins,Female,"July 5, 2021",,USD,1000000000010000.0
11,Customer_ID_11,Account_No_11,Claude,Aupry,Male,"July 17, 2021",,USD,1000000000011000.0
12,Customer_ID_12,Account_No_12,Hasan,Aydin,Male,"March 21, 2021","December 25, 2022",USD,1000000000012000.0
13,Customer_ID_13,Account_No_13,Jonas,Baar,Male,"June 18, 2021",,USD,1000000000013000.0
14,Customer_ID_14,Account_No_14,Anna,Baginska,Female,"July 10, 2024",,USD,1000000000014000.0
15,Customer_ID_15,Account_No_15,Malik,Barden,Male,"June 9, 2024",,USD,1000000000015000.0
16,Customer_ID_16,Account_No_16,Carmelo,Barese,Male,"January 30, 2024",,USD,1000000000016000.0
17,Customer_ID_17,Account_No_17,Rebecca,Baresi,Female,"June 6, 2020",,USD,1000000000017000.0
18,Customer_ID_18,Account_No_18,Genevieve,Beauchesne,Female,"January 8, 2025",,USD,1000000000018000.0
19,Customer_ID_19,Account_No_19,Claude,Beaulieu,Female,"November 26, 2021",,USD,1000000000019000.0
20,Customer_ID_20,Account_No_20,Robin,Becker,Male,"February 16, 2025",,USD,1000000000020000.0
21,Customer_ID_21,Account_No_21,Noel,Belisle,Male,"April 30, 2024",,USD,1000000000021000.0
22,Customer_ID_22,Account_No_22,Omar,Bennett,Male,"January 28, 2020",,USD,1000000000022000.0
23,Customer_ID_23,Account_No_23,Marie,Berthelette,Female,"April 3, 2020",,USD,1000000000023000.0
24,Customer_ID_24,Account_No_24,Pol,Bertolich,Male,"May 10, 2024",,USD,1000000000024000.0
25,Customer_ID_25,Account_No_25,Francesca,Bianchi,Female,"August 2, 2023",,USD,1000000000025000.0
26,Customer_ID_26,Account_No_26,Ales,Bizjak,Male,"September 5, 2021",,USD,1000000000026000.0
27,Customer_ID_27,Account_No_27,Jana,Blazkova,Female,"October 23, 2020",,USD,1000000000027000.0
28,Customer_ID_28,Account_No_28,Emma,Blug,Female,"July 23, 2021",,USD,1000000000028000.0
29,Customer_ID_29,Account_No_29,Gilbert,Bonsaint,Male,"June 12, 2022",,USD,1000000000029000.0
30,Customer_ID_30,Account_No_30,Wojciech,Borkowski,Male,"April 27, 2022",,USD,1000000000030000.0
31,Customer_ID_31,Account_No_31,Maurice,Boule,Male,"December 15, 2022",,USD,1000000000031000.0
32,Customer_ID_32,Account_No_32,Alexis,Bourgeois,Female,"October 17, 2022",,USD,1000000000032000.0
33,Customer_ID_33,Account_No_33,Archie,Boyle,Male,"December 16, 2021",,USD,1000000000033000.0
34,Customer_ID_34,Account_No_34,Tomaz,Bozic,Male,"May 13, 2023",,USD,1000000000034000.0
35,Customer_ID_35,Account_No_35,Danielle,Brasseur,Female,"September 30, 2023",,USD,1000000000035000.0
36,Customer_ID_36,Account_No_36,Amala,Braun,Female,"June 26, 2023",,USD,1000000000036000.0
37,Customer_ID_37,Account_No_37,Leonie,Briegel,Female,"December 25, 2022",,USD,1000000000037000.0
38,Customer_ID_38,Account_No_38,Quincy,Brooks,Male,"February 12, 2023",,USD,1000000000038000.0
39,Customer_ID_39,Account_No_39,Angel,Brown,Female,"November 14, 2024",,USD,1000000000039000.0
40,Customer_ID_40,Account_No_40,Camille,Brunelle,Female,"June 22, 2021",,USD,1000000000040000.0
41,Customer_ID_41,Account_No_41,Filippa,Bruno,Female,"February 4, 2022",,USD,1000000000041000.0
42,Customer_ID_42,Account_No_42,Yuksel,Bulut,Male,"April 15, 2024",,USD,1000000000042000.0
43,Customer_ID_43,Account_No_43,Pavel,Bures,Male,"November 10, 2022",,USD,1000000000043000.0
44,Customer_ID_44,Account_No_44,Jaroslava,Buresova,Female,"March 12, 2020",,USD,1000000000044000.0
45,Customer_ID_45,Account_No_45,Victoria,Burke,Female,"June 25, 2024",,USD,1000000000045000.0
46,Customer_ID_46,Account_No_46,Klaus,Buzov,Male,"May 1, 2022",,USD,1000000000046000.0
47,Customer_ID_47,Account_No_47,Tuna,Cakir,Male,"February 15, 2025",,USD,1000000000047000.0
48,Customer_ID_48,Account_No_48,Quinn,Campbell,Female,"August 21, 2022",,USD,1000000000048000.0
49,Customer_ID_49,Account_No_49,Seyhan,Can,Male,"January 10, 2022",,USD,1000000000049000.0
50,Customer_ID_50,Account_No_50,Sam,Cantrell,Female,"June 10, 2023",,USD,1000000000050000.0
51,Customer_ID_51,Account_No_51,Cataldo,Capon,Male,"December 8, 2020",,USD,1000000000051000.0
52,Customer_ID_52,Account_No_52,Christian,Cartier,Male,"June 18, 2022",,USD,1000000000052000.0
53,Customer_ID_53,Account_No_53,Pere,Castellsegui,Male,"June 26, 2024",,USD,1000000000053000.0
54,Customer_ID_54,Account_No_54,Gianni,Castiglione,Male,"May 9, 2022",,USD,1000000000054000.0
55,Customer_ID_55,Account_No_55,Hanife,Celik,Female,"October 8, 2020",,USD,1000000000055000.0
56,Customer_ID_56,Account_No_56,Hana,Cermakova,Female,"August 1, 2023",,USD,1000000000056000.0
57,Customer_ID_57,Account_No_57,Ivana,Cervenkova,Female,"May 13, 2020",,USD,1000000000057000.0
58,Customer_ID_58,Account_No_58,Hacer,Cetin,Female,"December 30, 2023",,USD,1000000000058000.0
59,Customer_ID_59,Account_No_59,Alain,Charon,Male,"May 19, 2023",,USD,1000000000059000.0
60,Customer_ID_60,Account_No_60,Alexandre,Chauvin,Male,"October 6, 2021",,USD,1000000000060000.0
61,Customer_ID_61,Account_No_61,Josef,Cizek,Male,"November 8, 2023",,USD,1000000000061000.0
62,Customer_ID_62,Account_No_62,Hailey,Clark,Female,"February 20, 2022",,USD,1000000000062000.0
63,Customer_ID_63,Account_No_63,Bartomeu,Collelldemont,Male,"August 30, 2022",,USD,1000000000063000.0
64,Customer_ID_64,Account_No_64,Diego,Conticini,Male,"March 19, 2021",,USD,1000000000064000.0
65,Customer_ID_65,Account_No_65,Hayden,Cook,Female,"February 23, 2022",,USD,1000000000065000.0
66,Customer_ID_66,Account_No_66,Liane,Cormier,Female,"October 12, 2023",,USD,1000000000066000.0
67,Customer_ID_67,Account_No_67,Pupetta,Costa,Female,"February 2, 2021",,USD,1000000000067000.0
68,Customer_ID_68,Account_No_68,Gilbert,Coupart,Male,"April 24, 2023",,USD,1000000000068000.0
69,Customer_ID_69,Account_No_69,Ingrid,Cranz,Female,"June 10, 2021",,USD,1000000000069000.0
70,Customer_ID_70,Account_No_70,Maciej,Czarnecki,Male,"August 29, 2020",,USD,1000000000070000.0
71,Customer_ID_71,Account_No_71,Joanna,Dabrowska,Female,"July 16, 2024",,USD,1000000000071000.0
72,Customer_ID_72,Account_No_72,Mikolaj,Dabrowski,Male,"March 25, 2025",,USD,1000000000072000.0
73,Customer_ID_73,Account_No_73,Beca,Davies,Female,"August 24, 2023",,USD,1000000000073000.0
74,Customer_ID_74,Account_No_74,Alain,Davignon,Male,"February 12, 2021",,USD,1000000000074000.0
75,Customer_ID_75,Account_No_75,Liam,Davis,Male,"December 29, 2022",,USD,1000000000075000.0
76,Customer_ID_76,Account_No_76,Benito,Dellucci,Male,"July 5, 2020",,USD,1000000000076000.0
77,Customer_ID_77,Account_No_77,Merve,Demir,Female,"March 31, 2021",,USD,1000000000077000.0
78,Customer_ID_78,Account_No_78,Isabelle,Deniger,Female,"January 31, 2022",,USD,1000000000078000.0
79,Customer_ID_79,Account_No_79,Montserrat,Desriols,Female,"August 10, 2024",,USD,1000000000079000.0
80,Customer_ID_80,Account_No_80,Esteve,Desvalls,Male,"July 24, 2023",,USD,1000000000080000.0
81,Customer_ID_81,Account_No_81,Gabriel,Diaz,Male,"December 30, 2022",,USD,1000000000081000.0
82,Customer_ID_82,Account_No_82,Vlasta,Divisova,Female,"July 12, 2020",,USD,1000000000082000.0
83,Customer_ID_83,Account_No_83,Fadime,Dogan,Female,"August 10, 2020",,USD,1000000000083000.0
84,Customer_ID_84,Account_No_84,Rene,Dolejsi,Female,"May 21, 2021",,USD,1000000000084000.0
85,Customer_ID_85,Account_No_85,Albert,Dubois,Male,"February 20, 2020",,USD,1000000000085000.0
86,Customer_ID_86,Account_No_86,Maciej,Dudek,Male,"March 9, 2025",,USD,1000000000086000.0
87,Customer_ID_87,Account_No_87,Ewa,Dudzinska,Female,"January 4, 2022",,USD,1000000000087000.0
88,Customer_ID_88,Account_No_88,Audrey,Dumoulin,Female,"March 21, 2023",,USD,1000000000088000.0
89,Customer_ID_89,Account_No_89,Coralie,Duperre,Female,"July 6, 2024",,USD,1000000000089000.0
90,Customer_ID_90,Account_No_90,Aline,Dupuy,Female,"March 22, 2020",,USD,1000000000090000.0
91,Customer_ID_91,Account_No_91,Dominique,Dutertre,Male,"December 11, 2023",,USD,1000000000091000.0
92,Customer_ID_92,Account_No_92,Zdenek,Dvorak,Male,"November 18, 2022",,USD,1000000000092000.0
93,Customer_ID_93,Account_No_93,Logan,Edwards,Male,"May 13, 2022",,USD,1000000000093000.0
94,Customer_ID_94,Account_No_94,Werner,Eitner,Male,"January 18, 2024",,USD,1000000000094000.0
95,Customer_ID_95,Account_No_95,Daniel,Elfyn,Male,"June 26, 2021",,USD,1000000000095000.0
96,Customer_ID_96,Account_No_96,Bethan,Elis,Female,"September 25, 2021",,USD,1000000000096000.0
97,Customer_ID_97,Account_No_97,Turgay,Elmas,Male,"November 10, 2020","November 27, 2021",USD,1000000000097000.0
98,Customer_ID_98,Account_No_98,Elke,Endemann,Female,"October 8, 2020",,USD,1000000000098000.0
99,Customer_ID_99,Account_No_99,Tatjana,Erjavec,Female,"December 22, 2021",,USD,1000000000099000.0
100,Customer_ID_100,Account_No_100,Quarantino,Esposito,Male,"June 21, 2023",,USD,1000000000100000.0
101,Customer_ID_101,Account_No_101,Jamie,Evans,Female,"January 16, 2022",,USD,1000000000101000.0
102,Customer_ID_102,Account_No_102,Giselle,Faber,Female,"April 16, 2020",,USD,1000000000102000.0
103,Customer_ID_103,Account_No_103,Giorgia,Fanucci,Female,"September 12, 2021",,USD,1000000000103000.0
104,Customer_ID_104,Account_No_104,Annette,Flamand,Female,"December 9, 2024",,USD,1000000000104000.0
105,Customer_ID_105,Account_No_105,Sara,Folgueroles,Female,"May 7, 2023",,USD,1000000000105000.0
106,Customer_ID_106,Account_No_106,Carme,Fontbernat,Female,"November 27, 2020",,USD,1000000000106000.0
107,Customer_ID_107,Account_No_107,Michal,Formanek,Male,"November 3, 2024",,USD,1000000000107000.0
108,Customer_ID_108,Account_No_108,Renata,Fuchsova,Female,"January 11, 2024",,USD,1000000000108000.0
109,Customer_ID_109,Account_No_109,Isabel,Garcia,Female,"December 10, 2024",,USD,1000000000109000.0
110,Customer_ID_110,Account_No_110,Amelie,Garner,Female,"March 3, 2023",,USD,1000000000110000.0
111,Customer_ID_111,Account_No_111,Niklas,Gasper,Male,"July 13, 2021",,USD,1000000000111000.0
112,Customer_ID_112,Account_No_112,Lelia,Genovese,Female,"June 21, 2022",,USD,1000000000112000.0
113,Customer_ID_113,Account_No_113,Milan,Golob,Male,"February 11, 2025",,USD,1000000000113000.0
114,Customer_ID_114,Account_No_114,Mateo,Gomez,Male,"June 3, 2023",,USD,1000000000114000.0
115,Customer_ID_115,Account_No_115,Aaron,Gonzales,Male,"March 6, 2021",,USD,1000000000115000.0
116,Customer_ID_116,Account_No_116,Kasper,Graf,Male,"October 20, 2023",,USD,1000000000116000.0
117,Customer_ID_117,Account_No_117,Fiamma,Greco,Female,"June 30, 2024",,USD,1000000000117000.0
118,Customer_ID_118,Account_No_118,Manon,Griffiths,Female,"March 2, 2022",,USD,1000000000118000.0
119,Customer_ID_119,Account_No_119,Jacqueline,Grondin,Female,"November 24, 2021","February 27, 2024",USD,1000000000119000.0
120,Customer_ID_120,Account_No_120,Marta,Guanyavents,Female,"May 13, 2021",,USD,1000000000120000.0
121,Customer_ID_121,Account_No_121,Louisa,Guenther,Female,"August 4, 2024",,USD,1000000000121000.0
122,Customer_ID_122,Account_No_122,Charlie,Guibord,Male,"July 26, 2021",,USD,1000000000122000.0
123,Customer_ID_123,Account_No_123,Ayse,Guler,Female,"March 30, 2023",,USD,1000000000123000.0
124,Customer_ID_124,Account_No_124,Meltem,Gumus,Female,"April 30, 2022",,USD,1000000000124000.0
125,Customer_ID_125,Account_No_125,Faruk,Gunes,Male,"December 9, 2021",,USD,1000000000125000.0
126,Customer_ID_126,Account_No_126,Halit,Gungor,Male,"August 27, 2021",,USD,1000000000126000.0
127,Customer_ID_127,Account_No_127,Killian,Gunther,Male,"November 19, 2021",,USD,1000000000127000.0
128,Customer_ID_128,Account_No_128,Renata,Hall,Female,"October 25, 2020",,USD,1000000000128000.0
129,Customer_ID_129,Account_No_129,Frantisek,Hanak,Male,"November 3, 2022",,USD,1000000000129000.0
130,Customer_ID_130,Account_No_130,Jacob,Hancock,Male,"May 19, 2020",,USD,1000000000130000.0
131,Customer_ID_131,Account_No_131,Daniela,Hanzlova,Female,"November 3, 2023",,USD,1000000000131000.0
132,Customer_ID_132,Account_No_132,Libby,Harrison,Female,"September 15, 2021",,USD,1000000000132000.0
133,Customer_ID_133,Account_No_133,Maja,Hartmann,Female,"February 29, 2024",,USD,1000000000133000.0
134,Customer_ID_134,Account_No_134,Marta,Havrankova,Female,"July 8, 2023",,USD,1000000000134000.0
135,Customer_ID_135,Account_No_135,Hannah,Haynes,Female,"August 7, 2023",,USD,1000000000135000.0
136,Customer_ID_136,Account_No_136,Josephine,Hebert,Female,"December 18, 2024",,USD,1000000000136000.0
137,Customer_ID_137,Account_No_137,Jule,Heinrich,Female,"January 31, 2024",,USD,1000000000137000.0
138,Customer_ID_138,Account_No_138,Detlef,Hembrock,Male,"September 18, 2020",,USD,1000000000138000.0
139,Customer_ID_139,Account_No_139,Felix,Henderson,Male,"November 3, 2020",,USD,1000000000139000.0
140,Customer_ID_140,Account_No_140,Briana,Hernandez,Female,"August 27, 2024",,USD,1000000000140000.0
141,Customer_ID_141,Account_No_141,Coralie,Hetu,Female,"August 29, 2020",,USD,1000000000141000.0
142,Customer_ID_142,Account_No_142,Ana,Hocevar,Female,"January 10, 2020",,USD,1000000000142000.0
143,Customer_ID_143,Account_No_143,Vaclav,Holy,Male,"January 31, 2025",,USD,1000000000143000.0
144,Customer_ID_144,Account_No_144,Tereza,Horackova,Female,"November 28, 2021",,USD,1000000000144000.0
145,Customer_ID_145,Account_No_145,Janez,Horvat,Male,"February 26, 2021",,USD,1000000000145000.0
146,Customer_ID_146,Account_No_146,Karel,Hovorka,Male,"January 15, 2022",,USD,1000000000146000.0
147,Customer_ID_147,Account_No_147,Avery,Howard,Female,"April 27, 2023",,USD,1000000000147000.0
148,Customer_ID_148,Account_No_148,Jarmila,Hrdlickova,Female,"June 25, 2022",,USD,1000000000148000.0
149,Customer_ID_149,Account_No_149,Aljosa,Hribar,Female,"November 9, 2022",,USD,1000000000149000.0
150,Customer_ID_150,Account_No_150,Andreja,Hrovat,Female,"April 6, 2022",,USD,1000000000150000.0
151,Customer_ID_151,Account_No_151,Shawn,Hughes,Male,"June 7, 2020",,USD,1000000000151000.0
152,Customer_ID_152,Account_No_152,Aidan,Hunt,Male,"October 16, 2024",,USD,1000000000152000.0
153,Customer_ID_153,Account_No_153,Cai,Huws,Male,"October 25, 2022",,USD,1000000000153000.0
154,Customer_ID_154,Account_No_154,Vlastimil,Hybl,Male,"March 10, 2021",,USD,1000000000154000.0
155,Customer_ID_155,Account_No_155,Gerolamo,Iadanza,Male,"November 26, 2020",,USD,1000000000155000.0
156,Customer_ID_156,Account_No_156,Christiane,Ingenpass,Female,"June 21, 2020",,USD,1000000000156000.0
157,Customer_ID_157,Account_No_157,Jessie,Irwin,Male,"March 27, 2020",,USD,1000000000157000.0
158,Customer_ID_158,Account_No_158,Anthony,Ivanov,Male,"July 31, 2023",,USD,1000000000158000.0
159,Customer_ID_159,Account_No_159,Abigail,Jackson,Female,"August 11, 2024",,USD,1000000000159000.0
160,Customer_ID_160,Account_No_160,Alena,Jankova,Female,"October 25, 2021",,USD,1000000000160000.0
161,Customer_ID_161,Account_No_161,Nikola,Janu,Male,"May 11, 2024",,USD,1000000000161000.0
162,Customer_ID_162,Account_No_162,Hannah,Jarvis,Female,"January 11, 2021",,USD,1000000000162000.0
163,Customer_ID_163,Account_No_163,Hanna,Jasinska,Female,"April 17, 2022",,USD,1000000000163000.0
164,Customer_ID_164,Account_No_164,Irena,Jaworska,Female,"May 19, 2020",,USD,1000000000164000.0
165,Customer_ID_165,Account_No_165,Casey,Jensen,Male,"June 21, 2021",,USD,1000000000165000.0
166,Customer_ID_166,Account_No_166,Alenka,Jereb,Female,"October 10, 2022",,USD,1000000000166000.0
167,Customer_ID_167,Account_No_167,Tanja,Jerman,Female,"June 25, 2023",,USD,1000000000167000.0
168,Customer_ID_168,Account_No_168,Riley,Johnson,Male,"January 23, 2023",,USD,1000000000168000.0
169,Customer_ID_169,Account_No_169,Natasha,Jones,Female,"June 3, 2024",,USD,1000000000169000.0
170,Customer_ID_170,Account_No_170,Karl,Kadenbach,Male,"February 17, 2021",,USD,1000000000170000.0
171,Customer_ID_171,Account_No_171,Jacek,Kalinowski,Male,"August 5, 2021",,USD,1000000000171000.0
172,Customer_ID_172,Account_No_172,Havva,Kara,Female,"August 7, 2024",,USD,1000000000172000.0
173,Customer_ID_173,Account_No_173,Pinar,Karaca,Female,"August 26, 2023",,USD,1000000000173000.0
174,Customer_ID_174,Account_No_174,Gregor,Kastelic,Male,"November 2, 2024",,USD,1000000000174000.0
175,Customer_ID_175,Account_No_175,Rok,Kavcic,Male,"November 4, 2024",,USD,1000000000175000.0
176,Customer_ID_176,Account_No_176,Ibrahim,Kaya,Male,"June 6, 2022",,USD,1000000000176000.0
177,Customer_ID_177,Account_No_177,Faruk,Keskin,Male,"April 11, 2020","September 28, 2024",USD,1000000000177000.0
178,Customer_ID_178,Account_No_178,Xaver,Kiefer,Male,"March 17, 2024",,USD,1000000000178000.0
179,Customer_ID_179,Account_No_179,Ramazan,Kilic,Male,"May 11, 2023",,USD,1000000000179000.0
180,Customer_ID_180,Account_No_180,Madison,Kim,Female,"May 4, 2022",,USD,1000000000180000.0
181,Customer_ID_181,Account_No_181,Adrian,King,Female,"March 12, 2022",,USD,1000000000181000.0
182,Customer_ID_182,Account_No_182,William,Kirby,Male,"February 8, 2022",,USD,1000000000182000.0
183,Customer_ID_183,Account_No_183,Berend,Klein,Male,"November 22, 2020",,USD,1000000000183000.0
184,Customer_ID_184,Account_No_184,Mojca,Klemencic,Female,"September 28, 2020",,USD,1000000000184000.0
185,Customer_ID_185,Account_No_185,Friedrich,Knerich,Male,"September 18, 2023",,USD,1000000000185000.0
186,Customer_ID_186,Account_No_186,Jozefa,Knez,Female,"August 6, 2024",,USD,1000000000186000.0
187,Customer_ID_187,Account_No_187,Carla,Kobusch,Female,"January 4, 2025",,USD,1000000000187000.0
188,Customer_ID_188,Account_No_188,Mahmut,Koc,Male,"October 30, 2022",,USD,1000000000188000.0
189,Customer_ID_189,Account_No_189,Dominique,Koch,Male,"December 11, 2023",,USD,1000000000189000.0
190,Customer_ID_190,Account_No_190,Vlasta,Koci,Female,"July 25, 2022",,USD,1000000000190000.0
191,Customer_ID_191,Account_No_191,Lilly,Koenig,Female,"October 29, 2022",,USD,1000000000191000.0
192,Customer_ID_192,Account_No_192,Eggert,Kohler,Male,"January 27, 2020",,USD,1000000000192000.0
193,Customer_ID_193,Account_No_193,Tomas,Kohout,Male,"April 14, 2021",,USD,1000000000193000.0
194,Customer_ID_194,Account_No_194,Marija,Kolar,Female,"June 12, 2023",,USD,1000000000194000.0
195,Customer_ID_195,Account_No_195,Petr,Konecny,Male,"January 9, 2025",,USD,1000000000195000.0
196,Customer_ID_196,Account_No_196,Vera,Kopecka,Female,"November 15, 2022",,USD,1000000000196000.0
197,Customer_ID_197,Account_No_197,Irena,Koren,Female,"August 19, 2024",,USD,1000000000197000.0
198,Customer_ID_198,Account_No_198,Safak,Korkmaz,Male,"January 4, 2024",,USD,1000000000198000.0
199,Customer_ID_199,Account_No_199,Stanislav,Korosec,Male,"May 14, 2020",,USD,1000000000199000.0
200,Customer_ID_200,Account_No_200,Jozi,Kos,Male,"November 24, 2020",,USD,1000000000200000.0
201,Customer_ID_201,Account_No_201,Maja,Kosir,Female,"March 20, 2020",,USD,1000000000201000.0
202,Customer_ID_202,Account_No_202,Robert,Kotnik,Male,"September 17, 2022",,USD,1000000000202000.0
203,Customer_ID_203,Account_No_203,Andrej,Kovac,Male,"March 18, 2023",,USD,1000000000203000.0
204,Customer_ID_204,Account_No_204,Anton,Kovacic,Male,"February 27, 2022",,USD,1000000000204000.0
205,Customer_ID_205,Account_No_205,Adrian,Kowalczyk,Male,"July 31, 2020",,USD,1000000000205000.0
206,Customer_ID_206,Account_No_206,Beata,Kowalska,Female,"June 16, 2024",,USD,1000000000206000.0
207,Customer_ID_207,Account_No_207,Zdenka,Kozakova,Female,"July 28, 2023",,USD,1000000000207000.0
208,Customer_ID_208,Account_No_208,Jan,Kozlowski,Male,"September 16, 2020",,USD,1000000000208000.0
209,Customer_ID_209,Account_No_209,Ivan,Krajnc,Male,"December 1, 2022",,USD,1000000000209000.0
210,Customer_ID_210,Account_No_210,Branko,Kralj,Male,"June 23, 2020",,USD,1000000000210000.0
211,Customer_ID_211,Account_No_211,Elsa,Kramer,Female,"August 24, 2024",,USD,1000000000211000.0
212,Customer_ID_212,Account_No_212,Ralf,Krause,Male,"September 30, 2023",,USD,1000000000212000.0
213,Customer_ID_213,Account_No_213,Joanna,Krawczyk,Female,"August 10, 2022",,USD,1000000000213000.0
214,Customer_ID_214,Account_No_214,Alex,Krejci,Female,"July 7, 2021",,USD,1000000000214000.0
215,Customer_ID_215,Account_No_215,Heiko,Krueger,Male,"October 3, 2024",,USD,1000000000215000.0
216,Customer_ID_216,Account_No_216,Ondrej,Kubat,Male,"May 20, 2021",,USD,1000000000216000.0
217,Customer_ID_217,Account_No_217,Marcela,Kubatova,Female,"April 25, 2022",,USD,1000000000217000.0
218,Customer_ID_218,Account_No_218,Adrianna,Kucharska,Female,"March 28, 2021",,USD,1000000000218000.0
219,Customer_ID_219,Account_No_219,Andrzej,Kucharski,Male,"March 16, 2021",,USD,1000000000219000.0
220,Customer_ID_220,Account_No_220,Franciska,Kuhar,Female,"December 21, 2023",,USD,1000000000220000.0
221,Customer_ID_221,Account_No_221,Conrad,Kutzsche,Male,"June 19, 2021",,USD,1000000000221000.0
222,Customer_ID_222,Account_No_222,Hanna,Kwiatkowska,Female,"March 4, 2025",,USD,1000000000222000.0
223,Customer_ID_223,Account_No_223,Maureen,Labrecque,Female,"July 24, 2024",,USD,1000000000223000.0
224,Customer_ID_224,Account_No_224,Alain,Lacombe,Male,"February 9, 2023",,USD,1000000000224000.0
225,Customer_ID_225,Account_No_225,Gilbert,Lacroix,Male,"August 17, 2024",,USD,1000000000225000.0
226,Customer_ID_226,Account_No_226,Katja,Lah,Female,"January 16, 2021",,USD,1000000000226000.0
227,Customer_ID_227,Account_No_227,Theodore,Lamy,Male,"July 6, 2020",,USD,1000000000227000.0
228,Customer_ID_228,Account_No_228,Anna,Lange,Female,"November 28, 2020",,USD,1000000000228000.0
229,Customer_ID_229,Account_No_229,Andre,Lawson,Male,"July 16, 2021",,USD,1000000000229000.0
230,Customer_ID_230,Account_No_230,Denise,Lebatelier,Female,"November 21, 2024",,USD,1000000000230000.0
231,Customer_ID_231,Account_No_231,Bernadette,Leblanc,Female,"May 12, 2020",,USD,1000000000231000.0
232,Customer_ID_232,Account_No_232,Mikaela,Lee,Female,"May 22, 2021",,USD,1000000000232000.0
233,Customer_ID_233,Account_No_233,Kayla,Lewis,Female,"February 20, 2025",,USD,1000000000233000.0
234,Customer_ID_234,Account_No_234,Geraint,Llwyd,Male,"April 8, 2024",,USD,1000000000234000.0
235,Customer_ID_235,Account_No_235,Valeria,Lo Duca,Female,"August 23, 2021",,USD,1000000000235000.0
236,Customer_ID_236,Account_No_236,Ernst,Loetzsch,Male,"May 3, 2022",,USD,1000000000236000.0
237,Customer_ID_237,Account_No_237,Palmira,Loggia,Female,"November 12, 2023",,USD,1000000000237000.0
238,Customer_ID_238,Account_No_238,Francesca,Lombo,Female,"February 17, 2023","January 12, 2025",USD,1000000000238000.0
239,Customer_ID_239,Account_No_239,Markus,Long,Male,"August 6, 2022",,USD,1000000000239000.0
240,Customer_ID_240,Account_No_240,Gerardina,Longo,Female,"January 31, 2025",,USD,1000000000240000.0
241,Customer_ID_241,Account_No_241,Eugenia,Lopez,Female,"January 17, 2021",,USD,1000000000241000.0
242,Customer_ID_242,Account_No_242,Lacombe,Luc,Male,"October 17, 2022",,USD,1000000000242000.0
243,Customer_ID_243,Account_No_243,Noemi,Lucchesi,Female,"April 4, 2022",,USD,1000000000243000.0
244,Customer_ID_244,Account_No_244,Courtney,Lynch,Female,"May 17, 2021",,USD,1000000000244000.0
245,Customer_ID_245,Account_No_245,Jan,Macek,Male,"November 3, 2020",,USD,1000000000245000.0
246,Customer_ID_246,Account_No_246,Jakub,Maciejewski,Male,"October 18, 2020",,USD,1000000000246000.0
247,Customer_ID_247,Account_No_247,Terezija,Majcen,Female,"December 10, 2023",,USD,1000000000247000.0
248,Customer_ID_248,Account_No_248,Filip,Majewski,Male,"February 11, 2021",,USD,1000000000248000.0
249,Customer_ID_249,Account_No_249,Thomas,Margand,Male,"August 8, 2021",,USD,1000000000249000.0
250,Customer_ID_250,Account_No_250,Marie,Markova,Female,"February 17, 2024",,USD,1000000000250000.0
251,Customer_ID_251,Account_No_251,Henri,Marquis,Male,"February 22, 2020",,USD,1000000000251000.0
252,Customer_ID_252,Account_No_252,Blake,Martin,Male,"June 13, 2024",,USD,1000000000252000.0
253,Customer_ID_253,Account_No_253,Violet,Martinez,Female,"January 19, 2025",,USD,1000000000253000.0
254,Customer_ID_254,Account_No_254,Calimero,Mazzanti,Male,"September 1, 2022",,USD,1000000000254000.0
255,Customer_ID_255,Account_No_255,Parker,McLean,Male,"January 16, 2023",,USD,1000000000255000.0
256,Customer_ID_256,Account_No_256,Natasa,Medved,Female,"December 1, 2020",,USD,1000000000256000.0
257,Customer_ID_257,Account_No_257,Emel,Mert,Female,"October 29, 2024",,USD,1000000000257000.0
258,Customer_ID_258,Account_No_258,Marie,Methot,Female,"April 9, 2024",,USD,1000000000258000.0
259,Customer_ID_259,Account_No_259,Ariane,Meyer,Female,"April 28, 2020",,USD,1000000000259000.0
260,Customer_ID_260,Account_No_260,Dominik,Michalski,Male,"July 21, 2024",,USD,1000000000260000.0
261,Customer_ID_261,Account_No_261,Anna,Michnova,Female,"August 27, 2020",,USD,1000000000261000.0
262,Customer_ID_262,Account_No_262,Lisandro,Milanesi,Male,"January 19, 2024",,USD,1000000000262000.0
263,Customer_ID_263,Account_No_263,Martina,Milani,Female,"October 9, 2023",,USD,1000000000263000.0
264,Customer_ID_264,Account_No_264,Davide,Milano,Male,"July 14, 2022",,USD,1000000000264000.0
265,Customer_ID_265,Account_No_265,Caleb,Miller,Male,"December 21, 2024",,USD,1000000000265000.0
266,Customer_ID_266,Account_No_266,Jordan,Mitchell,Male,"February 11, 2020",,USD,1000000000266000.0
267,Customer_ID_267,Account_No_267,Joze,Mlakar,Male,"February 22, 2024",,USD,1000000000267000.0
268,Customer_ID_268,Account_No_268,Gabriel,Moeller,Male,"March 8, 2024",,USD,1000000000268000.0
269,Customer_ID_269,Account_No_269,Coralie,Monjeau,Female,"July 9, 2022",,USD,1000000000269000.0
270,Customer_ID_270,Account_No_270,Laura,Montfulleda,Female,"June 8, 2021",,USD,1000000000270000.0
271,Customer_ID_271,Account_No_271,Preston,Morales,Male,"April 9, 2021",,USD,1000000000271000.0
272,Customer_ID_272,Account_No_272,Juan,Morgan,Male,"March 13, 2022",,USD,1000000000272000.0
273,Customer_ID_273,Account_No_273,Remy,Morris,Female,"May 29, 2024",,USD,1000000000273000.0
274,Customer_ID_274,Account_No_274,Rowan,Murphy,Male,"February 12, 2023",,USD,1000000000274000.0
275,Customer_ID_275,Account_No_275,Rory,Nguyen,Male,"January 12, 2025",,USD,1000000000275000.0
276,Customer_ID_276,Account_No_276,Camille,Nicole,Female,"August 18, 2024",,USD,1000000000276000.0
277,Customer_ID_277,Account_No_277,Franc,Novak,Male,"September 7, 2020",,USD,1000000000277000.0
278,Customer_ID_278,Account_No_278,Lidia,Nowakowska,Female,"June 7, 2023",,USD,1000000000278000.0
279,Customer_ID_279,Account_No_279,Klara,Nowicka,Female,"January 17, 2023",,USD,1000000000279000.0
280,Customer_ID_280,Account_No_280,Conrad,Nuber,Male,"June 9, 2023",,USD,1000000000280000.0
281,Customer_ID_281,Account_No_281,Martin,Oblak,Male,"June 1, 2021",,USD,1000000000281000.0
282,Customer_ID_282,Account_No_282,Engin,Oguz,Male,"January 18, 2021",,USD,1000000000282000.0
283,Customer_ID_283,Account_No_283,Anna,Ostrowska,Female,"January 27, 2023",,USD,1000000000283000.0
284,Customer_ID_284,Account_No_284,Roman,Ostrowski,Male,"September 4, 2022",,USD,1000000000284000.0
285,Customer_ID_285,Account_No_285,Brigitte,Otto,Female,"July 20, 2021",,USD,1000000000285000.0
286,Customer_ID_286,Account_No_286,Grace,Owens,Female,"June 7, 2024",,USD,1000000000286000.0
287,Customer_ID_287,Account_No_287,Derya,Ozcan,Female,"July 17, 2020",,USD,1000000000287000.0
288,Customer_ID_288,Account_No_288,Huseyin,Ozdemir,Male,"January 26, 2023",,USD,1000000000288000.0
289,Customer_ID_289,Account_No_289,Salih,Ozkan,Male,"March 18, 2023",,USD,1000000000289000.0
290,Customer_ID_290,Account_No_290,Ahmet,Ozturk,Male,"August 9, 2020",,USD,1000000000290000.0
291,Customer_ID_291,Account_No_291,Imelda,Pagnotto,Female,"December 9, 2023",,USD,1000000000291000.0
292,Customer_ID_292,Account_No_292,Irma,Palermo,Female,"April 11, 2023",,USD,1000000000292000.0
293,Customer_ID_293,Account_No_293,Ariane,Panetier,Female,"July 22, 2022",,USD,1000000000293000.0
294,Customer_ID_294,Account_No_294,Olga,Panicucci,Female,"December 16, 2020",,USD,1000000000294000.0
295,Customer_ID_295,Account_No_295,Aled,Parri,Male,"June 21, 2021",,USD,1000000000295000.0
296,Customer_ID_296,Account_No_296,Anne,Patel,Female,"September 10, 2024",,USD,1000000000296000.0
297,Customer_ID_297,Account_No_297,David,Paulet,Male,"September 24, 2020",,USD,1000000000297000.0
298,Customer_ID_298,Account_No_298,Petra,Pavlic,Female,"December 22, 2024",,USD,1000000000298000.0
299,Customer_ID_299,Account_No_299,Jerzy,Pawlak,Male,"June 23, 2020",,USD,1000000000299000.0
300,Customer_ID_300,Account_No_300,Marek,Pawlowski,Male,"May 22, 2023",,USD,1000000000300000.0
301,Customer_ID_301,Account_No_301,Rene,Pelletier,Male,"January 5, 2024",,USD,1000000000301000.0
302,Customer_ID_302,Account_No_302,Michael,Peltier,Male,"July 6, 2023",,USD,1000000000302000.0
303,Customer_ID_303,Account_No_303,Matjaz,Petek,Male,"August 25, 2023",,USD,1000000000303000.0
304,Customer_ID_304,Account_No_304,Gebhard,Peters,Male,"October 28, 2024",,USD,1000000000304000.0
305,Customer_ID_305,Account_No_305,Romain Petit,Petit,Male,"May 21, 2020",,USD,1000000000305000.0
306,Customer_ID_306,Account_No_306,Nina,Petric,Female,"December 18, 2020",,USD,1000000000306000.0
307,Customer_ID_307,Account_No_307,Jayden,Phillips,Female,"January 25, 2025",,USD,1000000000307000.0
308,Customer_ID_308,Account_No_308,Ortensia,Piazza,Female,"February 12, 2020",,USD,1000000000308000.0
309,Customer_ID_309,Account_No_309,Anna,Pidecabanyes,Female,"July 15, 2022",,USD,1000000000309000.0
310,Customer_ID_310,Account_No_310,Isotta,Pinto,Female,"October 30, 2021",,USD,1000000000310000.0
311,Customer_ID_311,Account_No_311,Maria,Piotrowska,Female,"August 17, 2021",,USD,1000000000311000.0
312,Customer_ID_312,Account_No_312,Barbara,Pirc,Female,"February 10, 2023",,USD,1000000000312000.0
313,Customer_ID_313,Account_No_313,Jiri,Polak,Male,"May 26, 2020",,USD,1000000000313000.0
314,Customer_ID_314,Account_No_314,Zuzana,Polaskova,Female,"July 25, 2023",,USD,1000000000314000.0
315,Customer_ID_315,Account_No_315,Marko,Potocnik,Male,"August 10, 2020",,USD,1000000000315000.0
316,Customer_ID_316,Account_No_316,Joseph,Price,Male,"March 21, 2024",,USD,1000000000316000.0
317,Customer_ID_317,Account_No_317,Libuse,Prikrylova,Female,"January 31, 2021",,USD,1000000000317000.0
318,Customer_ID_318,Account_No_318,Joana,Puigxoriguer,Female,"December 7, 2022",,USD,1000000000318000.0
319,Customer_ID_319,Account_No_319,Majda,Pusnik,Female,"January 12, 2021",,USD,1000000000319000.0
320,Customer_ID_320,Account_No_320,Bozena,Radova,Female,"November 4, 2022",,USD,1000000000320000.0
321,Customer_ID_321,Account_No_321,Riley,Ramirez,Male,"October 8, 2022",,USD,1000000000321000.0
322,Customer_ID_322,Account_No_322,Hollie,Rees,Female,"March 9, 2020",,USD,1000000000322000.0
323,Customer_ID_323,Account_No_323,Marta,Reixachdamunt,Female,"October 30, 2021",,USD,1000000000323000.0
324,Customer_ID_324,Account_No_324,John,Rhys,Male,"October 13, 2021",,USD,1000000000324000.0
325,Customer_ID_325,Account_No_325,Tomas,Richardson,Male,"December 22, 2021",,USD,1000000000325000.0
326,Customer_ID_326,Account_No_326,Blaise,Richer,Male,"January 6, 2024",,USD,1000000000326000.0
327,Customer_ID_327,Account_No_327,Luca,Richter,Male,"March 16, 2020",,USD,1000000000327000.0
328,Customer_ID_328,Account_No_328,Clara,Rieradevall,Female,"June 23, 2020",,USD,1000000000328000.0
329,Customer_ID_329,Account_No_329,Nathan,Rigby,Male,"June 19, 2021",,USD,1000000000329000.0
330,Customer_ID_330,Account_No_330,Jerome,Rivard,Male,"March 11, 2025",,USD,1000000000330000.0
331,Customer_ID_331,Account_No_331,Amari,Rivera,Female,"June 7, 2021",,USD,1000000000331000.0
332,Customer_ID_332,Account_No_332,Maya,Robinson,Female,"February 28, 2025",,USD,1000000000332000.0
333,Customer_ID_333,Account_No_333,Andree,Rocher,Female,"September 12, 2023",,USD,1000000000333000.0
334,Customer_ID_334,Account_No_334,Hazel,Rodriguez,Female,"July 2, 2022",,USD,1000000000334000.0
335,Customer_ID_335,Account_No_335,Benito,Romani,Male,"August 26, 2021",,USD,1000000000335000.0
336,Customer_ID_336,Account_No_336,Valeria,Romano,Female,"December 3, 2022",,USD,1000000000336000.0
337,Customer_ID_337,Account_No_337,Henry,Ross,Male,"January 9, 2023",,USD,1000000000337000.0
338,Customer_ID_338,Account_No_338,Bostjan,Rozman,Male,"October 14, 2020",,USD,1000000000338000.0
339,Customer_ID_339,Account_No_339,Lorenzo,Russo,Male,"September 11, 2022",,USD,1000000000339000.0
340,Customer_ID_340,Account_No_340,Benigno,Sabbatini,Male,"July 7, 2024",,USD,1000000000340000.0
341,Customer_ID_341,Account_No_341,Jan,Sachweh,Male,"December 25, 2021",,USD,1000000000341000.0
342,Customer_ID_342,Account_No_342,Filip,Safranek,Male,"February 2, 2020",,USD,1000000000342000.0
343,Customer_ID_343,Account_No_343,Diego,Sagese,Male,"December 25, 2023",,USD,1000000000343000.0
344,Customer_ID_344,Account_No_344,Emine,Sahin,Female,"November 13, 2024",,USD,1000000000344000.0
345,Customer_ID_345,Account_No_345,Dakota,Sanchez,Male,"December 12, 2023",,USD,1000000000345000.0
346,Customer_ID_346,Account_No_346,Kai,Schmitt,Male,"February 21, 2024",,USD,1000000000346000.0
347,Customer_ID_347,Account_No_347,Izaak,Schmitz,Male,"June 15, 2023",,USD,1000000000347000.0
348,Customer_ID_348,Account_No_348,Lea,Schneider,Female,"August 22, 2021",,USD,1000000000348000.0
349,Customer_ID_349,Account_No_349,Ashley,Schroeder,Female,"June 29, 2022",,USD,1000000000349000.0
350,Customer_ID_350,Account_No_350,Nickolaus,Schulz,Male,"January 22, 2025",,USD,1000000000350000.0
351,Customer_ID_351,Account_No_351,Helga,Schustereit,Female,"December 2, 2024",,USD,1000000000351000.0
352,Customer_ID_352,Account_No_352,Miloslav,Sedlar,Male,"February 28, 2023",,USD,1000000000352000.0
353,Customer_ID_353,Account_No_353,Gunay,Sen,Male,"August 24, 2022",,USD,1000000000353000.0
354,Customer_ID_354,Account_No_354,Xavier,Serradelarca,Male,"December 9, 2023",,USD,1000000000354000.0
355,Customer_ID_355,Account_No_355,Julia,Serradesanferm,Female,"December 10, 2021",,USD,1000000000355000.0
356,Customer_ID_356,Account_No_356,Anja,Sever,Female,"November 13, 2023",,USD,1000000000356000.0
357,Customer_ID_357,Account_No_357,Ermenegildo,Siciliani,Male,"October 28, 2021",,USD,1000000000357000.0
358,Customer_ID_358,Account_No_358,Fabiola,Siciliano,Female,"June 19, 2020",,USD,1000000000358000.0
359,Customer_ID_359,Account_No_359,Vladimir,Sima,Male,"September 8, 2021",,USD,1000000000359000.0
360,Customer_ID_360,Account_No_360,Hanno,Simon,Male,"September 29, 2024",,USD,1000000000360000.0
361,Customer_ID_361,Account_No_361,Demet,Simsek,Female,"December 22, 2023",,USD,1000000000361000.0
362,Customer_ID_362,Account_No_362,Bernd,Skopura,Male,"April 30, 2021",,USD,1000000000362000.0
363,Customer_ID_363,Account_No_363,Matej,Skorepa,Male,"March 10, 2020",,USD,1000000000363000.0
364,Customer_ID_364,Account_No_364,Liam,Small,Male,"September 27, 2024",,USD,1000000000364000.0
365,Customer_ID_365,Account_No_365,Ludmila,Smidova,Female,"July 22, 2024",,USD,1000000000365000.0
366,Customer_ID_366,Account_No_366,Reed,Smith,Male,"July 8, 2020",,USD,1000000000366000.0
367,Customer_ID_367,Account_No_367,Dominika,Sobczak,Female,"April 23, 2024",,USD,1000000000367000.0
368,Customer_ID_368,Account_No_368,Lluis,Sobregrau,Male,"September 10, 2021",,USD,1000000000368000.0
369,Customer_ID_369,Account_No_369,Krystyna,Sokolowska,Female,"March 9, 2020",,USD,1000000000369000.0
370,Customer_ID_370,Account_No_370,Eric,Solomon,Male,"May 2, 2022",,USD,1000000000370000.0
371,Customer_ID_371,Account_No_371,Rudolf,Spousta,Male,"August 21, 2020",,USD,1000000000371000.0
372,Customer_ID_372,Account_No_372,Lenka,Stastna,Female,"December 29, 2024",,USD,1000000000372000.0
373,Customer_ID_373,Account_No_373,Mia,Steele,Female,"January 1, 2024",,USD,1000000000373000.0
374,Customer_ID_374,Account_No_374,Tyler,Stein,Male,"May 25, 2021",,USD,1000000000374000.0
375,Customer_ID_375,Account_No_375,Veronika,Stejskalova,Female,"October 1, 2023",,USD,1000000000375000.0
376,Customer_ID_376,Account_No_376,Benjamin,Stuart,Male,"April 28, 2021",,USD,1000000000376000.0
377,Customer_ID_377,Account_No_377,Marc,Surinyach,Male,"March 23, 2024",,USD,1000000000377000.0
378,Customer_ID_378,Account_No_378,Miroslav,Svoboda,Male,"July 23, 2024",,USD,1000000000378000.0
379,Customer_ID_379,Account_No_379,Katerina,Sykorova,Female,"December 1, 2021",,USD,1000000000379000.0
380,Customer_ID_380,Account_No_380,Bernadette,Sylvain,Female,"February 25, 2022",,USD,1000000000380000.0
381,Customer_ID_381,Account_No_381,Beata,Szymanska,Female,"September 24, 2022",,USD,1000000000381000.0
382,Customer_ID_382,Account_No_382,Isaac,Talbot,Male,"July 31, 2022",,USD,1000000000382000.0
383,Customer_ID_383,Account_No_383,Lisa,Taylor,Female,"June 4, 2020",,USD,1000000000383000.0
384,Customer_ID_384,Account_No_384,Hulya,Tekin,Female,"August 7, 2023",,USD,1000000000384000.0
385,Customer_ID_385,Account_No_385,Cora,Thomas,Female,"May 22, 2023",,USD,1000000000385000.0
386,Customer_ID_386,Account_No_386,Monica,Thompson,Female,"December 18, 2020",,USD,1000000000386000.0
387,Customer_ID_387,Account_No_387,Piotr,Tomaszewski,Male,"February 4, 2025",,USD,1000000000387000.0
388,Customer_ID_388,Account_No_388,Milena,Tomazic,Female,"August 30, 2024",,USD,1000000000388000.0
389,Customer_ID_389,Account_No_389,Stanislav,Tomek,Male,"May 25, 2022",,USD,1000000000389000.0
390,Customer_ID_390,Account_No_390,Rhodri,Tomos,Male,"January 19, 2024",,USD,1000000000390000.0
391,Customer_ID_391,Account_No_391,Rafel,Tornafoch,Male,"May 13, 2023",,USD,1000000000391000.0
392,Customer_ID_392,Account_No_392,Devon,Torres,Male,"March 10, 2025",,USD,1000000000392000.0
393,Customer_ID_393,Account_No_393,Isabella,Toscano,Female,"October 17, 2023",,USD,1000000000393000.0
394,Customer_ID_394,Account_No_394,Mattia,Trentini,Male,"February 16, 2021",,USD,1000000000394000.0
395,Customer_ID_395,Account_No_395,Maximilian,Tropschuh,Male,"June 14, 2024",,USD,1000000000395000.0
396,Customer_ID_396,Account_No_396,Esra,Turan,Female,"December 11, 2023",,USD,1000000000396000.0
397,Customer_ID_397,Account_No_397,Matej,Turk,Male,"February 25, 2022",,USD,1000000000397000.0
398,Customer_ID_398,Account_No_398,Ellis,Turner,Female,"August 23, 2020",,USD,1000000000398000.0
399,Customer_ID_399,Account_No_399,Adalberto,Udinese,Male,"April 23, 2021",,USD,1000000000399000.0
400,Customer_ID_400,Account_No_400,Lodovico,Udinesi,Male,"March 14, 2024",,USD,1000000000400000.0
401,Customer_ID_401,Account_No_401,Melis,Unal,Female,"July 25, 2024",,USD,1000000000401000.0
402,Customer_ID_402,Account_No_402,Ivana,Ursic,Female,"February 3, 2025",,USD,1000000000402000.0
403,Customer_ID_403,Account_No_403,Adam,Vacha,Male,"May 3, 2024",,USD,1000000000403000.0
404,Customer_ID_404,Account_No_404,Alena,Valentova,Female,"March 30, 2020",,USD,1000000000404000.0
405,Customer_ID_405,Account_No_405,Blanka,Vejvodova,Female,"September 6, 2022",,USD,1000000000405000.0
406,Customer_ID_406,Account_No_406,Marjan,Vidmar,Male,"January 21, 2020",,USD,1000000000406000.0
407,Customer_ID_407,Account_No_407,Immanuel,Vogel,Male,"January 24, 2024",,USD,1000000000407000.0
408,Customer_ID_408,Account_No_408,Nicole,Wagner,Female,"March 22, 2023",,USD,1000000000408000.0
409,Customer_ID_409,Account_No_409,Sophie,Walter,Female,"February 5, 2023",,USD,1000000000409000.0
410,Customer_ID_410,Account_No_410,Oscar,Ward,Male,"March 9, 2021",,USD,1000000000410000.0
411,Customer_ID_411,Account_No_411,Hannah,Weber,Female,"June 19, 2023",,USD,1000000000411000.0
412,Customer_ID_412,Account_No_412,Christoph,Werner,Male,"February 22, 2022",,USD,1000000000412000.0
413,Customer_ID_413,Account_No_413,Artur,Wieczorek,Male,"May 26, 2022",,USD,1000000000413000.0
414,Customer_ID_414,Account_No_414,Jennifer,Wilkins,Female,"September 23, 2024",,USD,1000000000414000.0
415,Customer_ID_415,Account_No_415,Dylan,Williams,Male,"October 27, 2022",,USD,1000000000415000.0
416,Customer_ID_416,Account_No_416,Adrian,Wilske,Male,"March 8, 2021",,USD,1000000000416000.0
417,Customer_ID_417,Account_No_417,Olivia,Wilson,Female,"March 10, 2022",,USD,1000000000417000.0
418,Customer_ID_418,Account_No_418,Zofia,Wisniewska,Female,"April 30, 2022",,USD,1000000000418000.0
419,Customer_ID_419,Account_No_419,Justyna,Wojciechowska,Female,"August 6, 2023",,USD,1000000000419000.0
420,Customer_ID_420,Account_No_420,Klarissa,Wolf,Female,"December 14, 2022",,USD,1000000000420000.0
421,Customer_ID_421,Account_No_421,Lara,Wolfe,Female,"June 20, 2023",,USD,1000000000421000.0
422,Customer_ID_422,Account_No_422,Gabriel,Woods,Male,"January 10, 2021",,USD,1000000000422000.0
423,Customer_ID_423,Account_No_423,Blazej,Wozniak,Male,"July 17, 2023",,USD,1000000000423000.0
424,Customer_ID_424,Account_No_424,Lois,Wyn,Female,"September 9, 2022",,USD,1000000000424000.0
425,Customer_ID_425,Account_No_425,Agnieszka,Wysocka,Female,"March 5, 2024",,USD,1000000000425000.0
426,Customer_ID_426,Account_No_426,Jakub,Wysocki,Male,"June 5, 2023",,USD,1000000000426000.0
427,Customer_ID_427,Account_No_427,Yigit,Yalcin,Male,"April 29, 2020",,USD,1000000000427000.0
428,Customer_ID_428,Account_No_428,Mehmet,Yildirim,Male,"November 11, 2020",,USD,1000000000428000.0
429,Customer_ID_429,Account_No_429,Elif,Yildiz,Female,"October 12, 2022",,USD,1000000000429000.0
430,Customer_ID_430,Account_No_430,Ali,Yilmaz,Male,"September 7, 2023",,USD,1000000000430000.0
431,Customer_ID_431,Account_No_431,Miha,Zagar,Male,"April 21, 2020",,USD,1000000000431000.0
432,Customer_ID_432,Account_No_432,Milos,Zahradnicek,Male,"August 3, 2022",,USD,1000000000432000.0
433,Customer_ID_433,Account_No_433,Mateja,Zajc,Female,"January 10, 2023",,USD,1000000000433000.0
434,Customer_ID_434,Account_No_434,Jakub,Zawadzki,Male,"December 8, 2021",,USD,1000000000434000.0
435,Customer_ID_435,Account_No_435,Antonin,Zelinka,Male,"April 11, 2022",,USD,1000000000435000.0
436,Customer_ID_436,Account_No_436,Mia,Zimmermann,Female,"September 23, 2021",,USD,1000000000436000.0
437,Customer_ID_437,Account_No_437,Sonja,Zorko,Female,"August 20, 2020",,USD,1000000000437000.0
438,Customer_ID_438,Account_No_438,Luka,Zupan,Male,"December 14, 2020",,USD,1000000000438000.0
439,Customer_ID_439,Account_No_439,Jozica,Zupanc,Female,"April 24, 2024",,USD,1000000000439000.0
440,Customer_ID_440,Account_No_440,Jozef,Zupancic,Male,"January 23, 2021",,USD,1000000000440000.0
