id,first_name,last_name,gender,full_name
1,Hazel,Rodriguez,Female,Hazel Rodriguez
2,Anne,Patel,Female,Anne Patel
3,Felix,Henderson,Male,Felix Henderson
4,Eric,Solomon,Male,Eric Solomon
5,Eugenia,Lopez,Female,Eugenia Lopez
6,Hannah,Jarvis,Female,Hannah Jarvis
7,Mikaela,Lee,Female,Mikaela Lee
8,Maya,Robinson,Female,Maya Robinson
9,Gabriel,Diaz,Male,Gabriel Diaz
10,Briana,Hernandez,Female,Briana Hernandez
11,Mario,Rogers,Male,Mario Rogers
12,Malik,Barden,Male,Malik Barden
13,Victoria,Burke,Female,Victoria Burke
14,Henry,Ross,Male,Henry Ross
15,Joseph,Price,Male,Joseph Price
16,Markus,Long,Male,Markus Long
17,Renata,Hall,Female,Renata Hall
18,Juan,Morgan,Male,Juan Morgan
19,Quincy,Brooks,Male,Quincy Brooks
20,Preston,Morales,Male,Preston Morales
21,Kiana,Anderson,Female,Kiana Anderson
22,Oscar,Ward,Male,Oscar Ward
23,Nathan,Rigby,Male,Nathan Rigby
24,Andre,Lawson,Male,Andre Lawson
25,Kayla,Lewis,Female,Kayla Lewis
26,Isabel,Garcia,Female,Isabel Garcia
27,Ashley,Schroeder,Female,Ashley Schroeder
28,Mateo,Gomez,Male,Mateo Gomez
29,Tomas,Richardson,Male,Tomas Richardson
30,Maria,Sullivan,Female,Maria Sullivan
31,Aaron,Gonzales,Male,Aaron Gonzales
32,Benjamin,Stuart,Male,Benjamin Stuart
33,Anthony,Ivanov,Male,Anthony Ivanov
34,Jacob,Hancock,Male,Jacob Hancock
35,Madison,Kim,Female,Madison Kim
36,Shawn,Hughes,Male,Shawn Hughes
37,Liam,Davis,Male,Liam Davis
38,Natasha,Jones,Female,Natasha Jones
39,Violet,Martinez,Female,Violet Martinez
40,Nicole,Wagner,Female,Nicole Wagner
41,Vance,DeLeon,Male,Vance DeLeon
42,Wesley,Brooks,Male,Wesley Brooks
43,Hailey,Clark,Female,Hailey Clark
